Popularidad, popularidad
Quiero buscar por nivel de popularidad, popularidad
Recomiendame por popularidad, popularidad
Hazme una recomendacion por la popularidad de la banda, popularidad
Quiero ver bandas segun popularidad, popularidad
Ano de publicacion, anno_publicacion
Quiero buscar segun ano de publicacion, anno_publicacion
Quiero una recomendacion segun ano, anno_publicacion
Dame una recomendacion segun el ano de publicacion, anno_publicacion
Me interesa buscar por ano de publicacion, anno_publicacion
Origen, origen
Pais de origen, origen
Quiero recomendaciones segun origen de la banda, origen
Quiero recomendaciones segun pais de origen, origen
Recomiendame segun pais, origen
